"Focal_depth","Latitude","Longitude","Richter"
33,-52.26,28.3,6.7
36,45.53,150.93,5.8
57,41.85,142.78,5.8
67,29.19,141.15,6.2
30,-21.66,169.81,6
0,23.09,120.58,6.2
139,-20.7,169.92,6.1
60,22.33,93.58,6
50,-13.64,165.96,6
119,-16.31,288.34,6
197,36.48,70.95,6.3
13,55.72,204.05,6.1
26,55.75,204.12,5.9
58,-5.14,151.77,6
33,-44.6,37.34,6
0,-44.2,167.96,5.8
27,36.23,352.39,6.2
50,36.95,95.5,5.9
46,14.42,56.36,5.8
373,-6.44,127.96,5.8
44,59.79,210.7,6.1
33,57.2,207,5.8
4,58.26,208.75,6.1
17,58.83,210.71,6
23,56.42,207.99,6.1
26,57.17,207.55,6
32,60.05,211.61,5.9
160,0.4,122.11,6.1
25,56.45,206.06,6.1
12,60.36,213.39,6
10,60.51,213.3,6
35,59.79,211.33,6.2
22,56.65,207.18,5.8
51,3.91,96.56,5.8
41,61.62,212.61,5.8
36,60.11,213.29,5.9
14,56.85,207.31,5.8
24,56.3,205.6,5.8
2,60.25,213.29,5.8
184,0.02,123.18,5.8
22,56.6,207.79,5.8
6,61.51,212.8,5.9
33,-5.42,133.99,6.5
99,-5.07,144.2,6.3
23,45.35,150.5,5.9
49,-3.88,35.06,6.3
22,40.39,139.05,6.3
16,40.55,139.21,5.9
49,-2.73,139.33,5.9
114,-56.45,332.3,5.8
101,-56.09,332.45,5.8
54,-56.17,332.34,6
42,43.43,147.05,6.5
12,38.4,139.26,6.2
76,43.16,146.17,6.4
7,-1.76,149.75,5.9
15,-0.5,122.61,5.8
26,11.7,144.57,6
96,18.31,259.5,6.3
189,-5.54,129.79,6.5
127,-15.56,167.62,6.4
20,47.09,153.77,5.9
7,46.96,153.8,5.8
4,47.09,153.72,5.8
4,-27.82,288.9,6
22,14.17,96.12,5.9
7,-41.13,285.01,6.1
392,-5.48,154.25,5.8
32,-26.37,288.22,6.1
34,78.15,126.65,6.2
107,-4.42,144.08,6
33,-48.95,164.46,6.1
89,8.9,93.03,6.3
50,29.96,80.46,5.8
41,-10.42,162.42,5.9
34,40.3,28.23,5.9
14,-31.4,249.16,5.9
585,-7.17,123.86,5.8
37,28.04,93.75,5.9
43,19.8,303.89,6.2
2,-45.6,96.19,5.8
77,3.11,128.06,5.8
33,-31.78,57.32,5.8
60,-5.75,150.74,6.3
31,-20.46,186.11,5.8
3,-6,150.75,5.9
607,-4.34,122.14,5.8
578,-27.46,296.77,5.8
25,40.49,139.05,5.9
33,-20.45,185.96,5.9
32,-13.49,166.54,5.9
23,27.4,87.84,5.8
0,49.88,78.96,5.8
94,-56.46,332.95,5.8
6,-2.4,125.98,6.5
23,-2.64,126.04,5.8
33,-51.7,139.8,5.8
36,51.29,178.55,6.1
40,51.39,179.59,6.1
30,52.74,172.05,5.8
40,53.05,170.83,5.9
16,52.37,174.33,5.9
43,53.14,198.15,6.5
32,52.05,175.6,5.8
33,53.26,198.26,6.1
45,51.34,173.44,5.8
17,28.62,142.42,5.9
28,52.73,171.99,5.8
91,2.97,125.91,5.9
36,-25.67,289.37,6.3
41,-5.43,151.97,5.9
33,-5.36,151.86,6
14,53.02,171.35,5.9
205,36.42,70.73,6.4
36,40.75,142.96,5.8
37,-1.47,126.5,5.9
58,-31.81,288.74,6
22,55.2,162,5.8
68,-32.42,288.9,6.4
41,40.73,142.85,6.1
20,50.32,177.93,6.5
45,38.38,22.26,6.3
39,35.06,24.31,5.9
12,-42.66,174.02,5.8
5,64.69,199.77,5.8
51,54.25,197.49,5.8
29,21,120.68,5.8
116,-7.02,129.61,5.8
60,47.41,237.71,6.3
88,-55.99,332.38,5.8
136,-6.2,130.33,5.8
80,22.41,121.26,6
3,-14.6,167.41,5.9
31,52.17,175.17,5.9
98,-56.24,332.1,5.8
19,-7.53,128.6,5.8
27,15.93,313.31,5.8
58,44.45,148.84,6
58,7.21,123.53,5.8
33,-54.59,5.4,5.8
40,53.03,192.45,6.7
18,38.37,22.4,5.8
18,51.11,188.7,6.3
33,-55.9,157.7,6.2
50,-7.31,278.73,5.8
59,-5.21,151.65,5.8
14,-15.47,166.91,5.9
31,-15.75,167.12,6.2
26,-15.86,167.36,5.9
38,-5.25,152.13,5.8
36,-0.47,340.07,6
328,-5.74,128.63,6.1
79,-18.84,291.25,5.9
64,-22.91,183.95,5.9
29,16.33,264.2,6.5
30,58.29,207.5,6.1
22,6.51,275.56,5.8
55,-5.33,153.08,6
30,-6.37,151.66,5.9
62,-6.46,70.76,6.1
178,7.13,126.58,5.9
161,-1.4,282.3,5.9
41,36.35,141.38,6.1
195,28.96,128.23,6
45,36.44,141.37,5.8
33,-54.74,321.7,5.9
5,50.02,178.28,6.2
52,49.45,156.58,5.9
28,-42.9,284.87,6
26,12.46,114.45,5.8
159,44.21,145.45,6.1
587,-9.04,288.68,5.9
35,-22.34,246.02,5.8
50,30.68,140.22,5.9
29,43.87,87.74,6.2
46,-29.34,291.91,5.9
21,31,318.47,5.9
50,53.89,160.68,6.1
122,-7.28,129.16,5.9
101,-6.21,130.39,6.3
41,51.32,180.33,5.8
19,-9.61,159.77,5.8
118,-6.39,146.31,5.9
58,17.35,259.96,5.9
38,58.35,206.87,6.4
121,50.04,155.38,5.8
29,20.73,146.29,5.8
0,49.77,78.1,6.1
35,-17.66,167.96,6.1
7,-32.2,78.93,6
59,-5.41,151.57,6
53,48.29,154.36,5.8
50,31.49,80.5,6
17,1.85,126.4,5.8
42,24.24,122.67,6.5
627,-21.08,180.85,5.9
34,0.81,29.9,6
0,49.72,78.07,6
28,37.49,115.06,5.9
40,23.86,122.97,6.2
61,23.72,142.18,5.9
61,51.24,157.76,6
23,57.37,207.73,5.8
27,-0.78,122.22,6
75,-0.52,122.21,5.8
33,-52.77,160.17,6
22,-23.4,185.28,5.8
214,36.43,71.12,6.1
37,11.26,139.57,6.3
242,-12.23,167.02,6
34,-10.43,160.89,6
20,-10.15,161.01,6.1
523,-7.21,124.69,6.1
33,29.62,80.83,6
36,29.71,80.89,6
102,24.86,122.56,6.1
16,51.99,179.95,5.9
29,50.57,188.78,6.3
59,-0.1,125.01,6
11,-0.05,125.06,6
26,39.17,41.56,5.8
39,8.48,126.62,5.8
90,2.34,128.4,6.6
17,-23,170.6,5.9
27,-60.33,332.75,5.9
39,27.87,54.3,5.9
165,-21.59,170.56,6
35,-60.44,333.56,5.8
38,-10.74,281.37,6.3
42,-1.52,344.63,6
0,73.4,54.57,6.4
44,22.11,145.9,6
1,38.9,21.1,5.8
110,-31.95,291.6,5.9
16,41.68,144.26,5.9
136,-14.03,167.04,6
0,49.92,77.76,5.8
571,-26.06,296.9,5.8
46,-7.11,148.31,6.1
23,-25.51,289.26,6.6
23,-15.16,186.36,5.9
24,48.22,102.9,6.1
39,38.33,142.2,5.9
5,56.68,120.95,6
33,-14.83,181.25,6.3
21,48.08,103.02,6.3
42,52.4,190.46,6
1,24,294.3,6.3
36,2.93,285.17,6.3
598,-9.05,288.66,6.1
21,-23.79,184.86,6.1
88,-9.12,113.04,5.9
105,-0.09,123.95,5.8
126,-0.13,123.95,5.8
0,49.79,78.14,6
122,-0.16,281.4,5.8
60,39.25,24.6,6
38,-10.64,166.29,5.8
50,-10.75,166.34,5.9
48,-10.77,166.25,5.9
33,-40.12,285.32,5.8
80,-6.73,129.84,6
38,45.53,151.11,5.8
606,-6.01,112.33,5.9
33,-11.14,115.36,6
36,45.56,151.62,5.8
12,20,147.27,5.8
63,5.16,96.31,6.1
51,27.32,128.66,5.9
48,51.47,181.68,6
109,-20.25,291.17,5.9
184,-0.96,101.39,6.2
11,51.86,176.09,5.9
39,-15.33,186.52,5.8
136,-58.36,333.17,5.9
44,52.76,193.1,5.9
28,-25.18,289.46,5.8
38,54.44,202.06,6.2
49,52.58,191.87,5.9
33,40.67,30.69,6
160,6.84,286.91,5.9
367,35.43,135.49,6
60,10.36,125.87,6
40,3.72,95.74,6.1
33,-60.84,335.67,6.1
78,12.18,140.8,6.1
24,31.61,100.26,6.1
29,-10.59,280.33,6.2
577,-27.62,296.85,5.9
19,27.42,91.86,5.8
85,42.92,145.33,5.9
34,-57.82,336.46,6
34,-49.57,163.93,5.8
126,-20.78,169.85,5.9
0,19.5,300,5.8
20,-6.59,153.47,5.8
44,-5.66,153.92,5.8
605,-21.1,180.82,6.2
60,-7.15,129.83,6
181,11.91,274.02,6.2
0,73.4,54.42,5.9
73,24.43,122.25,6
0,-7.02,30.9,6
35,-28.78,288.81,5.9
28,14.48,51.98,5.9
21,41.41,20.44,5.9
144,49.45,154.4,5.9
27,17.54,73.84,5.9
20,-21.89,289.93,6
42,17.42,298.81,6.1
5,17.61,298.74,5.9
55,-5.25,153.7,5.8
91,-21.29,291.8,6.3
33,-22.46,185.39,5.8
80,-7.53,127.91,6
13,-9.29,158.46,6
29,-8.93,120.32,6
20,43.52,146.72,6.3
599,-6.1,113.36,6
46,-5.54,153.36,6.2
7,39.4,24.94,6
8,22.76,121.47,6
87,-16.13,186.05,5.9
528,-6.59,116.18,5.8
37,32.48,132.28,6.2
40,32.24,132.21,5.9
12,33.22,243.81,6
22,58.69,210.07,6.2
30,43.58,232.11,6.1
162,29.93,129.39,5.9
9,40.86,143.38,6.1
26,41.52,142.82,6.4
60,40.78,142.15,5.8
32,39.83,143.16,5.9
45,-30.86,181.79,6
33,-30.84,181.8,6
44,44.67,150.28,5.9
47,41.47,142.88,5.8
21,-41.72,172.03,6.1
618,-6.84,118.91,5.8
73,-2.98,139.34,6.2
45,44.48,150.19,5.8
27,-1.86,120.1,5.9
31,39.47,142.89,6
16,5.64,277.4,5.8
26,41.06,143.1,5.8
33,-5.55,282.8,6.1
33,-5.51,282.7,5.8
68,36.01,139.33,5.8
72,-2.7,139.01,5.8
44,38.54,142.14,6
30,39.54,143.2,5.8
17,-30.97,181.87,6.5
25,-0.27,133.47,6.1
36,-6.86,279.58,5.8
31,16.3,122.11,5.9
36,16.56,262.21,6.3
43,25.73,128.5,6.5
52,16.45,122.31,6.1
96,6.6,126.77,5.9
48,33.31,132.31,6.2
1,1.38,126.24,6.3
41,1.4,126.27,6.1
22,0.06,119.73,6.1
534,-10.2,159.9,6.1
33,1.17,126.14,5.8
25,34.15,59.01,5.9
14,34.09,58.24,5.9
32,-3.74,143.01,6
122,-8.62,285.45,5.9
640,-21.57,180.65,5.8
3,28.3,53.17,5.8
49,-6.08,148.77,5.9
103,10.76,297.3,6.2
57,42.08,142.65,5.9
114,15.54,267.35,5.8
12,-30.52,181.99,5.8
151,-6.89,129.21,5.9
12,-3.65,143.37,5.8
66,-13.1,283.63,5.9
0,49.82,78.18,5.8
45,-56.27,332.93,6.1
10,-7.6,126.26,5.8
518,26.29,140.7,6.1
33,-39.85,87.74,5.8
18,-31.54,117,5.9
21,-3.38,143.29,6.2
49,-12.41,166.43,5.9
7,65.46,209.93,6
1,1.2,126.34,6.1
596,-14.2,172.02,5.8
0,73.39,54.58,6.1
150,9.57,287.37,5.8
49,40.3,142.39,5.9
15,-14.01,23.82,5.9
33,51.56,175.86,5.8
82,60.15,207.18,6
79,-56.03,332.43,5.8
71,-8.03,158.94,6.2
32,-10.57,164.46,6.2
138,-56.81,333.07,6
238,44.89,143.21,6.3
114,-14.89,167.22,6.2
17,54.84,166,6
587,-21.87,180.46,5.9
24,0.77,126.02,5.9
35,-17.15,188.43,6
72,4.77,127.5,5.9
46,4.81,127.54,6.1
27,-8.07,279.91,5.9
635,-22.75,178.76,6
3,41.42,79.24,5.8
425,-6.76,126.74,6
74,3.5,128.41,5.8
53,-3.17,118.91,5.8
14,35.97,349.42,6.5
43,8.69,127.35,6.1
32,4.72,127.65,5.8
4,38.55,28.46,5.9
35,11.91,41.21,5.9
33,27.61,33.91,6.1
19,12,41.35,5.8
170,-6.11,129.91,5.8
38,-13.57,166.2,5.9
39,32.15,131.98,6.1
34,-30.5,288.62,5.8
200,-16.71,185.34,5.9
22,51.29,180.15,6.2
22,34.43,25.04,5.8
52,49.41,155.54,6
66,-7.93,159.05,5.8
33,-52.53,159.7,5.8
41,53.31,197.59,5.8
56,51.46,180.05,6.1
44,52.21,158.95,5.8
6,38.43,119.47,5.9
54,-17.3,287.52,5.8
1,-11.84,284.9,5.9
531,-5.71,125.42,6.3
21,1.26,126.23,6.1
193,36.44,70.86,5.8
193,-6.14,129.69,5.8
8,43.46,147.91,5.8
45,43.59,147.63,5.9
41,43.44,147.82,6.5
38,43.61,147.18,6.5
0,43.63,146.5,6
0,43.72,147.8,5.9
33,43.78,147.48,6
44,1.81,126.41,6
70,43.45,147.98,6
46,43.14,147.44,6.2
320,21.57,143.1,5.9
49,43.17,147.46,5.8
34,25.12,250.45,5.8
111,47.88,153.75,6
31,-8.89,157.95,5.8
17,-8.98,157.91,5.8
38,51.27,180.83,5.9
39,31.08,131.43,6.1
37,15.3,314.22,5.8
36,-60.9,304.1,5.8
43,-11.75,284.85,5.8
0,73.39,54.5,6.3
124,23.09,94.7,6.1
43,51.31,180.77,6
7,34.77,238.65,5.9
57,-16.11,186.13,5.8
31,-53.37,23.6,5.8
22,51.26,181.05,6
11,34.72,238.72,5.8
74,27.8,60.02,6.1
20,1.94,94.61,6.4
51,57.7,163.56,6.2
113,37.16,71.64,5.8
0,49.94,78.98,6
0,43.79,54.75,5.8
51,1.99,126.94,6
31,8.2,58.49,5.9
329,46.21,142.45,5.9
1,15.79,300.36,6.4
6,16.08,300.21,5.8
62,28.55,129.15,5.8
15,24.12,102.49,5.8
189,-34.85,178.79,6.1
68,6.8,126.75,5.9
82,-25.85,182.71,6.2
25,42.48,143.04,6.3
23,7.03,255.76,6.1
18,15.57,260.52,5.9
8,12.58,122.09,5.9
36,-9.84,284.45,5.8
83,9.8,125.91,5.8
24,30.61,103.05,5.8
7,50.13,180.41,6
161,52.59,184.96,6
21,12.15,143.82,6
39,-19.07,168.54,6
44,44.65,148.99,6.2
16,57.39,206.03,6.1
99,-29.6,290.58,5.8
8,51.34,173.75,5.8
3,-22.08,126.65,6.1
11,0.28,119.37,6
59,-6.26,154.62,5.8
18,39.21,29.51,6
232,-17.07,168.56,6
82,6.78,126.66,5.8
75,39.78,141.91,5.8
40,15.78,121.71,6.5
23,38.34,22.56,5.8
25,15.08,122.01,5.8
243,-18.79,169.29,6.2
12,52.93,171.45,5.8
56,14.65,267.41,5.8
37,14.61,266.71,5.8
196,-4.37,151.81,5.9
12,50.19,91.24,5.9
6,-55.92,331.93,6.1
406,27.22,140.29,6
85,-11.73,166.38,5.9
48,-9.15,281.17,6.4
54,-9.93,281.54,6
45,-9.28,280.95,5.9
43,-10.22,281.31,5.8
48,-9.88,281.31,5.8
24,42.48,78.71,5.9
53,44.72,149.46,5.9
87,-24.47,291.54,6.2
64,-58.86,157.6,6
32,-2.9,139.08,5.9
10,-51.94,285.86,5.9
99,-16,288.12,5.8
44,-22.28,289.45,6.1
72,-7.9,158.68,5.9
50,-8.75,124.04,6.2
587,-21.66,180.58,5.8
55,-10.14,281.4,5.8
148,18,295.33,5.8
44,51.35,181.49,5.8
47,32.26,131.78,6.1
47,32.31,131.83,6
73,-37.73,177.66,5.8
68,26.02,95.37,6.4
653,-1.46,287.44,6.5
17,1.16,126.2,5.8
46,-13.92,166.65,5.9
20,-14.13,166.56,6.1
45,-60.63,334.73,5.8
43,-13.89,166.53,5.8
92,-9,117.95,5.9
30,60.7,214.62,5.8
33,-56.46,217.39,5.8
76,-4.6,153.22,6
643,52.36,151.64,6.5
39,17.7,147.65,6.2
50,13,144.5,5.8
42,-6.5,154.63,5.8
8,6.37,282.52,6
6,6.52,282.6,5.8
60,-13.52,166.59,6
32,-3.56,86.19,5.8
7,-31.94,182.11,6
33,-32,181.9,5.8
124,-4.1,143.1,5.9
0,73.31,54.89,6.6
37,39.25,140.71,5.8
45,-4.97,145.45,6
33,-3.43,135.65,6.2
22,-5.1,145.13,6.2
80,-6.05,148.55,5.8
39,43.46,146.94,5.8
16,-20.94,290.19,5.8
119,-4.11,142.88,5.9
10,-11.02,163.45,6
25,-11.03,163.41,5.8
29,-23.19,289.89,5.9
39,41.79,143.5,5.8
183,29.79,140.11,6
46,-30.81,288.84,5.8
15,-3.97,279.34,6.3
0,43.87,54.78,6
46,-1.59,99.95,5.8
0,43.81,54.82,6
63,-5.23,153.59,6.2
70,-10.58,161.39,6
41,-3.21,139.69,6.5
3,-2.95,139.64,5.9
40,-3.06,139.62,6.2
34,-3.31,139.76,5.8
39,-3.01,139.62,5.9
52,-3.24,139.84,5.8
18,-3.31,139.91,6.2
22,-3.37,139.91,5.8
55,-3.08,139.45,6
33,-3.41,139.55,5.9
134,-3.63,139.44,5.8
31,-9.65,151.4,5.9
45,51.46,182.29,5.9
515,51.69,150.97,6
57,-2.89,139.38,5.8
40,0.53,98.72,6.2
40,51.47,183.19,5.8
12,-63.43,298.64,6
9,34.4,241.57,6.2
166,-23.81,292.8,6
115,-5.75,145.39,6.2
21,-10.93,163.8,5.9
20,8.43,127.23,5.8
49,-22.96,183.86,6.1
29,70.97,353.14,5.9
14,41.42,79.2,5.8
92,4.76,126.52,6
0,60.33,219.06,5.8
33,37.3,71.07,5.9
49,38.41,142.18,5.8
67,-0.36,124.73,6
150,53.26,189.47,5.8
29,2.45,129.13,6.3
74,-4.42,102.32,6.3
37,28.3,55.61,6
0,49.77,78.08,5.9
38,51.41,182.79,6
46,-6.54,105.37,5.9
146,-42.28,288.21,5.8
29,-39.78,255.13,6
42,7.99,126.95,5.9
0,63.92,146.1,5.9
3,38.85,40.52,5.9
35,18.02,290.21,6
19,51.67,176.04,5.8
76,-25.4,290.94,6
34,-5.26,153.46,5.8
54,-6.23,154.45,6.2
0,-5.18,96.89,5.9
58,-5.97,144.38,6.3
92,-7.03,129.7,6.1
40,-32.51,288.79,6.5
36,-32.19,288.28,5.8
43,-5.52,153.87,6
48,-4.86,153.32,5.8
37,-5.78,153.8,5.9
36,52.13,173.03,5.8
43,-4.93,153.18,6.6
41,39.81,77.22,5.8
74,-5.4,152.07,5.9
33,-5.53,151.84,5.8
77,-5.16,152.26,6.1
48,-5.7,151.96,6.2
23,-5.81,151.55,6
49,-5.86,151.31,6.1
88,-2.79,282.65,6.4
59,-4.89,153.34,5.8
25,-5.14,152.87,5.8
45,41.37,143.44,6.5
43,-0.85,337.93,6
60,-5.88,154.31,5.9
43,-5.74,152.13,5.9
32,49.29,155.49,6.1
9,13.3,267.59,5.8
33,-55.73,333.96,5.9
14,46.54,141.15,6
21,46.76,141.39,6.1
27,46.28,141.03,5.8
7,44.34,150.85,6
29,-20.41,185.83,5.8
22,-6.46,151.55,6.1
4,-6.79,151.8,5.9
30,39.17,143.4,5.8
107,-5.93,130.68,6.4
111,-6.54,146.64,6.3
70,-0.02,124.84,5.8
0,73.39,54.91,6.5
27,46.41,141.16,5.8
148,3.63,125.92,5.9
30,-0.45,355.11,6
52,-6.55,154.97,5.9
111,-5.42,154.28,5.8
26,11.83,142.52,5.8
50,-6.49,151.18,5.9
21,11.86,142.38,6.1
21,11.86,142.35,6.2
49,-15.57,167.24,6.3
45,-5.93,154.05,6.4
107,-5.57,153.99,5.8
66,-5.95,153.84,5.8
53,10.11,92.93,5.9
533,-23.45,180.12,6
119,-11.87,166.55,6.5
135,-11.94,166.57,5.8
99,52.85,159.22,6.4
33,-55.19,231.13,5.8
99,-29.86,290.5,5.8
38,44.77,153.33,6.2
77,-6.02,154.56,5.9
39,56.04,163.17,6.2
0,47.9,48.07,6
116,-4.75,151.84,5.9
11,-16.85,174.9,5.8
6,22.5,122.08,5.9
166,-4.6,151.86,5.9
29,-30.65,182.18,5.9
12,-2.09,138.96,5.9
36,20.95,120.26,6.1
56,-55.72,331.25,6.2
23,-4.84,145.1,5.8
37,-4.74,145,5.9
214,36.4,70.72,5.8
33,-13.18,166.32,5.8
12,-3.54,151.29,5.8
29,22.55,122.37,6.2
34,23.05,122.14,6
127,-19.38,169.13,6.1
45,19.36,122.06,5.8
5,-15.36,186.7,5.8
101,-11.43,166.37,6.2
60,-17.62,288.73,5.8
40,-60.59,334.5,5.9
50,33.38,140.97,6.5
52,33.48,141.05,5.9
12,-18.94,186.28,5.9
54,33.45,141,5.8
181,-28.25,181.73,6.1
29,-3.74,131.39,5.9
37,33.6,141.38,5.9
72,40.84,141.98,5.9
52,-6.79,283.24,6.1
43,51.27,180.79,6
135,49.05,153.6,6.2
33,-45.1,166.68,5.8
43,56.14,202.86,6
124,48.04,153.13,5.8
40,43.33,146.03,5.9
479,-25.69,179.58,6.1
33,-49.35,164.09,6.2
1,-16.05,187,5.9
376,-7.47,125.56,6.1
33,-53.52,159.08,5.9
21,42.09,84.58,5.8
11,28.39,52.78,6
0,0.99,331.7,6
48,24.1,122.44,5.8
91,53.95,193.18,5.8
116,-31.4,249.01,5.8
29,23.6,121.55,6.1
38,13.38,120.34,6.4
413,-5.13,154.23,6
30,5.22,259.68,5.9
46,-15.94,167.53,6.3
14,35.16,23.56,5.9
38,-4.21,152.71,5.8
565,-17.82,181.21,5.8
342,-27.74,181.01,5.8
36,16.61,122.19,5.9
208,-17.76,184.94,6.1
45,-11.05,116.97,6.1
39,-30.34,288.42,5.9
336,3.86,124.26,6.2
27,53.25,193.22,5.8
66,-7.12,155.87,5.9
47,36.28,69.69,5.9
31,50.1,230.7,5.8
29,56.77,224.09,6.2
19,30.71,141.82,5.8
92,2.35,127.56,5.8
47,49.13,155.97,5.8
10,-11.1,162.17,5.9
20,-16.66,187.99,5.8
45,51.34,180.71,5.8
43,-6.29,144.46,5.9
26,-6.04,152.9,6.3
22,-6.05,152.63,5.8
53,-5.15,134.09,6.1
573,49.47,147.08,5.9
115,-33.49,180.6,5.9
0,73.39,54.65,6.3
122,-14.99,167.3,5.8
51,29.41,130.64,6.1
45,35.94,73.33,6.2
64,-11.78,166.31,6.1
154,1.9,128.2,5.9
49,-19.89,169.08,6.1
107,-2.52,119.22,5.8
0,71.42,349.61,5.9
48,-15.35,184.4,5.9
75,37.96,22.38,5.8
30,-20.36,168.89,5.8
20,15.23,263.74,6
23,-9.93,119.6,5.8
0,19.55,289.78,5.8
33,-6.22,131.15,6
33,-6.56,131.3,5.9
7,-30.91,291.79,5.8
10,-16.47,187.83,5.8
632,7.46,123.77,6
119,1.81,127.45,5.8
35,52.89,197.02,6
33,-8.79,124.98,6.3
63,27.48,128.57,6
2,-7.33,146.83,5.8
0,49.91,78.85,6.1
37,-20.03,168.91,6
22,23.87,121.61,5.9
111,38.33,73.17,5.9
0,-6.72,154.53,5.8
73,6.41,126.62,6
62,33.34,140.82,6.7
0,-1.52,136.67,6.1
0,49.97,78.95,6
16,44.68,149.37,5.9
83,-7,155.81,5.9
139,-7.5,127.83,6
159,-4.35,153.45,6.9
61,-30.51,288.92,5.9
147,-39.02,175.23,6.4
24,-14.66,166.41,6
38,-6.88,150.03,6.3
90,-12.1,166.52,6
112,-0.14,124,5.9
48,18.53,257.07,6.1
508,28.22,139.3,5.9
214,-22.53,293.81,6
5,31.33,100.49,5.9
35,31.5,100.33,5.9
42,22.27,121.52,5.9
53,-19.16,168.69,5.8
41,-61.1,321.99,6.2
62,50.51,156.58,6
24,54.73,161.7,5.9
25,6.32,127.38,5.9
56,-3.01,139.08,5.8
62,50.78,157.19,6
11,2.18,126.65,5.9
193,-19.41,169.39,5.9
44,13.41,122.87,5.9
33,2.09,126.55,5.9
51,29.3,130.41,5.9
146,4.7,284.33,6.1
39,7,91.33,5.8
38,-15.81,167.24,5.8
15,-9.81,119.29,5.8
46,50.86,157.43,6.1
20,4.96,281.88,6.4
19,-59.38,333.88,6
9,20.05,204.84,5.9
15,-10.01,150.2,6
33,2.25,126.74,5.8
48,-1.46,99.8,5.8
0,-6.34,151.18,5.8
23,-6.26,151.86,5.8
0,53.97,196.29,6.1
1,24.31,93.52,5.8
33,-54,159.35,5.8
91,-10.31,161.42,6.2
0,-6.73,154.81,5.8
55,-7.27,156.14,5.9
33,53.61,161.38,5.9
44,51.27,180.62,5.8
0,44.98,234.13,5.8
41,43.12,145.74,6.5
39,42.92,146.39,5.8
11,42.65,146.08,6
0,-5.88,151.86,6.5
26,43.28,146.43,6.3
19,43.14,146.89,5.8
45,19.11,121.19,5.8
10,43.01,146.66,5.8
56,43.28,145.81,5.9
30,57.86,222.58,6.2
56,12.21,125.29,6
0,57.99,221.96,6.1
22,35.16,86.4,5.9
49,36.45,141.05,5.8
373,-24.83,180.81,5.9
0,49.94,78.85,6.1
203,-14.33,167.29,6.1
33,-16.22,186.92,6
44,43.38,146.46,5.9
109,-4.5,144.1,5.9
346,-31.38,180.62,6
33,57.09,205.88,5.8
55,-7.22,156.08,5.9
75,18.25,263.42,6.6
77,-0.15,342.03,5.8
45,-37.27,179.32,5.9
43,7.15,84.33,5.8
552,42.48,131.05,5.8
0,73.32,54.97,6.8
64,9.2,126.19,5.8
128,-7.02,283.81,5.8
542,9.23,123.92,5.9
33,-4.4,257.9,6
33,-4.37,257.96,6
33,-54.97,146.25,5.8
0,70.8,53.42,5.9
567,41.93,130.99,6.3
56,35.67,140.64,5.9
33,-32.98,288.13,5.8
33,-61.05,338.3,6.2
28,-14.34,167.06,5.9
32,0.52,330.53,5.9
56,19.42,255.02,6
517,-21.95,296.35,6.1
0,70.8,53.92,6.9
48,-2.96,139.34,5.9
7,-25.98,292.28,5.8
18,51.52,184.73,5.8
60,49.99,156.33,5.9
270,-31.2,180.53,5.8
62,49.99,156.31,5.9
56,38.98,141.93,6.1
45,53.61,160.49,5.9
124,-15.18,167.43,6.2
23,-35.59,285.46,5.8
42,43.25,146.75,5.8
26,-19.9,169.66,5.9
0,50.03,79.02,5.8
52,51.38,182.15,5.8
42,-9.52,119.39,6
191,-20.61,183.68,5.9
517,-23.88,180,6.2
13,-14.56,166.8,6.3
43,-15.13,166.91,6.2
41,-14.92,166.48,5.8
10,-15.37,166.54,5.8
83,-22.49,291.74,6.6
92,-12.28,283.7,6.1
24,-38.84,46.43,5.9
36,-14.45,166.87,6.3
27,42.03,143.89,5.8
51,-5.15,134.15,5.9
32,-7.39,155.92,5.9
33,-7,155.78,5.8
12,-7.28,155.63,6.2
21,18.93,120.13,5.8
39,-5.13,133.91,5.8
46,-7.35,155.82,5.8
7,53.74,195.3,5.9
10,-3.79,134.01,5.8
391,33.17,136.98,5.9
46,44.01,147.78,5.8
37,1.27,97.63,6
34,9.51,276.05,5.8
19,-20.02,169.77,6
47,-7.48,156.2,5.8
57,-7.48,156.01,5.8
154,48.31,153.16,5.8
25,-14.91,187.17,5.9
504,-23.93,179.88,6
74,12.57,144.24,5.8
23,57.56,206.08,5.8
8,55.15,199.43,5.8
6,55.05,199.49,6
44,-26.28,184.22,6.1
386,-31.55,179.79,6.2
33,-33.49,182.69,6
10,34.57,138.75,5.8
33,-4.3,257.93,5.9
17,28.19,103.98,5.8
43,1.87,126.48,6.1
26,19.73,147.34,6.2
58,49.98,156.22,6
100,-11.17,284.99,5.9
141,-6.55,106.77,5.8
13,-17.68,167.8,5.8
7,-17.62,167.53,6.2
0,49.91,78.91,5.9
256,-15.89,184.96,6.1
397,-31.88,179.94,6
52,-56.03,332.53,5.9
0,-2.25,141.1,5.8
20,-26.02,84.3,6.1
68,-4.72,152.56,5.9
33,-29.22,184.06,6.5
77,-29.37,183.87,6
16,45.2,93.86,5.9
45,36.44,141.17,6
12,7.76,282.43,6.4
10,7.74,282.46,5.8
50,46.22,153.14,6
46,46.01,152.88,5.9
210,36.42,70.76,6.3
7,39.34,73.77,6.2
26,39.46,73.63,5.8
19,-38.34,286.73,5.9
45,32.18,142.37,5.9
0,73.41,54.93,6.4
34,18.27,119.2,5.9
62,-4.26,143.55,5.8
60,-9.8,108.49,6
40,55.25,162,5.8
331,-30.54,181.97,5.9
105,-6.2,146.1,5.8
41,-0.28,12.83,5.9
5,43.12,146.56,6
9,-12.24,282.42,6.2
41,17.37,298.01,6.4
34,44.64,150.09,6.3
596,-17.97,181.51,5.9
18,-8.4,154.03,6.2
33,-15.49,167.1,6.3
156,-6.93,129.52,6.3
0,70.81,53.91,6.4
125,42.53,141.75,5.9
6,-12.44,282.54,6
55,-6.44,105.38,6.1
31,-15.91,181.53,5.8
58,2.27,121.06,5.8
44,35.85,141.1,5.8
62,-15.12,167.16,6.2
36,-53.59,331.74,5.8
29,-6.06,154.23,6.1
58,-15.24,167.3,5.8
429,30.71,138.44,6.1
32,-6.15,153.05,5.9
32,-5.04,129.99,6
20,0.51,97.89,5.8
156,-7.65,285.54,6
32,-2.3,99.01,5.9
7,51.66,174.59,5.8
45,35.05,72.91,5.9
58,61.92,210.28,5.9
74,-2.99,101.68,5.9
82,-4.93,130.09,6
99,-17.86,185.43,5.8
1,32.38,78.5,6.2
49,31.94,78.53,5.8
6,35.05,141.37,5.8
40,7.18,282.24,6
2,53,173.47,5.9
10,53.08,173.58,6
16,40.66,122.63,6.1
9,-7.24,149.58,6.2
43,51.32,180.56,6.3
333,-24.98,181.12,6.1
72,-6.07,148.21,5.8
574,-17.84,181.47,5.8
7,-2.39,126.15,6.1
31,27.47,56.24,5.8
28,-29.89,288.6,6.1
86,-21.75,170.53,6
111,-4.26,282.99,6.2
29,22.68,122.84,6.1
429,-32.36,179.88,5.9
5,42.04,247.59,5.8
131,-4.06,152.75,6.1
33,-50.84,139.19,5.8
93,-14.79,287.34,5.8
15,71.49,349.64,6
31,-36.41,261.18,5.8
17,16.47,261.14,5.9
472,-31.79,180.49,5.8
33,35.8,79.86,5.8
24,37.2,142.09,5.8
30,-38.03,287.22,6.2
37,1.03,126.02,5.8
1,22.7,122.61,5.8
34,35.98,342.44,6.5
97,0.75,122.61,6
647,-20.61,180.86,5.8
59,-4.5,153.53,5.8
0,44.39,146.87,5.8
72,43.26,147.39,5.9
42,36.31,143.3,6
65,43.51,147.65,6
39,-3.1,148,6.2
53,30.07,142.15,5.9
549,38.78,130.09,6.1
112,21.42,94.62,5.9
20,32.84,142.43,5.8
81,6.51,126.65,5.9
88,-10.34,161.2,5.8
54,-6.64,155.09,6.5
49,-7.15,155.21,6.1
58,-6.63,154.66,6.3
63,-6.84,155.41,6.2
93,-9.84,123.96,5.8
46,53.48,198.61,6
33,-2.51,146.03,6.2
187,-22.73,293.38,6.1
53,-6.9,147.77,5.8
41,54.92,167.87,5.8
0,73.34,54.5,6.3
68,10.04,125.86,5.8
65,-10.13,121.7,5.9
32,38.51,40.77,6
66,7.05,255.82,6.3
27,-34.74,81.88,5.9
12,-20.45,186.04,6.1
123,-9.49,285.35,5.8
47,-4.83,102.24,6
19,-4.83,102.04,5.8
69,-12.54,166.47,6
23,0.91,333.29,6.2
128,-15.4,167.55,6
11,-24.91,184.84,6.4
33,-24.2,184.9,6
106,-7.54,128.76,6.1
0,70.84,53.53,6.7
0,73.33,54.93,6.6
61,6.54,126.81,5.9
39,-22.91,289.52,5.8
0,49.91,78.92,5.8
62,42.05,142.66,5.9
48,12.47,126.01,6.5
117,13.82,144.79,6
405,-18.39,182.12,5.8
30,12.5,126.06,6.1
44,13.83,125.07,5.8
35,12.91,125.89,6
69,-12.25,166.61,5.9
0,7.55,282.5,5.8
411,-33.02,180.04,5.8
51,-57.78,334.48,5.8
11,19.46,204.86,5.9
49,-14.92,187.12,6
94,-11.54,285.48,5.8
69,-7.01,155.75,5.8
33,-11.74,164.81,5.9
546,51.93,151.57,6
102,-4.07,142.11,6.4
33,-16.22,187.53,6.3
18,-56.8,291.58,5.9
23,-28.78,182.61,6.2
101,-13.31,285.06,5.9
5,66.25,343.46,5.9
29,-29.48,182.43,6.4
56,-29.02,182.58,6.5
42,-29.64,183.24,5.9
64,-30.01,183.15,6
33,-32.67,181.79,5.8
11,-32.65,182.19,6
5,44.74,149.15,6.2
615,-7.46,119.89,6.2
54,-28.65,182.62,5.9
48,44.62,149.69,5.8
68,-29.35,182.71,6
48,17.15,259.77,5.8
38,54.52,162.02,5.9
5,15.28,270.81,6
37,-5.96,146.33,5.9
40,-57.39,295.54,5.9
0,12.98,125.74,6.2
71,-6.36,154.84,5.8
9,-39.93,285.11,5.8
50,-8.36,121.46,5.9
98,-14.77,167.12,6.3
25,-10.62,165.06,6
75,-29.92,182.2,6.2
3,-30.6,181.79,5.8
35,3.96,274.12,5.8
21,-3.94,152.04,5.8
10,40.31,63.72,6.2
5,40.18,63.79,6
19,0.85,280.37,6
19,28.7,52.12,5.9
19,-44.58,167.64,5.8
10,-29.93,182.38,6.2
12,46.35,13.26,5.9
21,-7.47,154.68,5.9
21,-7.58,154.61,5.8
40,-51.6,139.76,5.9
32,-32.63,181.81,5.9
146,-37.28,177.16,6.1
5,-11.62,285.55,5.9
14,40.35,63.45,6.2
161,4.49,284.23,5.8
72,-31.3,182.33,5.8
198,3.69,125.14,5.8
112,-5.91,145.88,5.8
107,-5.6,154.29,6
164,-5.6,148.35,5.9
122,-5.02,153.65,5.9
56,-10.51,281.7,5.8
3,24.51,98.95,5.9
27,-41.5,284.66,6
96,-5.13,153.55,6.1
79,-10.08,161.06,6
36,-7.38,154.69,5.8
28,14.06,124.87,6
48,17.45,259.35,6
36,0.52,134.75,5.9
21,24.79,125.98,5.8
1,3.4,96.28,6.3
35,0.53,134.84,5.9
33,-4.58,140.13,6.3
35,-4.34,139.86,5.8
26,3.78,126.81,6
33,-4.52,140.24,5.9
20,-33.78,182.17,6.2
29,-29.51,25.17,5.9
0,49.85,78.97,5.8
33,-50.01,244.9,5.9
402,47.31,145.75,5.8
25,7.48,281.72,6.2
3,7.41,281.95,6.1
37,-8.21,114.87,6.1
41,-8.17,114.84,5.9
62,-4.18,152.76,6.1
10,39.56,117.87,6.1
37,39.71,118.37,6.1
0,47.81,48.1,5.9
6,-30.32,182.13,5.8
43,-20.59,169.31,6
31,26.7,97.04,6.2
9,32.78,104.09,6.1
146,-34.28,183.47,6
8,6.22,124.11,6.4
33,7.18,123.55,5.8
52,7.33,123.54,5.8
44,7.35,123.42,5.8
33,10.09,125.9,6
17,7.22,122.99,6.2
165,-6.77,129.62,5.9
15,32.59,104.25,6
18,32.49,104.18,6.2
55,6.52,124.07,5.9
0,49.95,78.98,5.8
51,1.03,147.56,5.8
12,-9.2,148.17,5.9
51,44.78,149.21,6.1
0,73.41,54.5,5.8
40,6.93,124.04,5.9
16,-30.48,182.58,6
20,-6.43,153,6.1
115,-10.45,161.34,5.9
196,36.5,70.58,5.8
33,-4.54,139.93,6
47,-29.36,77.65,5.8
64,8.52,126.41,6.1
32,6.98,123.89,5.9
44,38.12,142.26,5.9
27,39.5,117.73,6
33,-8.84,156.97,6.1
52,7.09,123.59,6
0,49.97,79.01,5.8
10,39.05,44.04,6.1
424,-19.5,182.3,6
11,41.33,234.34,5.8
190,36.52,71.05,6.2
70,-20.57,291.07,6.5
0,49.87,78.89,5.9
370,-31.95,179.18,5.8
503,28.04,139.67,5.8
11,28.27,130.67,6.3
6,48.84,230.87,5.8
47,23.41,143.71,5.8
112,-7.9,109,5.8
27,-2.51,126.68,5.9
43,38.19,90.97,5.8
33,-3.65,144.5,5.9
67,-24.93,291.32,6
22,-41.74,174.3,5.9
15,37.02,95.73,5.8
55,5.04,126.63,5.8
20,40.11,70.86,6
555,-24.66,296.61,5.9
31,-66.49,277.55,6.1
33,-60.96,337.04,6.1
49,0.54,126.05,6.1
46,33.15,141.06,6
33,-41.31,80.52,5.8
44,53.54,169.96,6.1
54,-6.26,147.59,5.9
52,6.74,123.74,6.3
86,45.83,26.72,6.1
556,41.66,131.05,5.9
56,-4.96,131.03,5.8
40,16.73,122.29,6.2
43,44.16,148.23,6
0,-21.89,221.04,5.8
24,27.59,56.38,6.2
119,-14.76,167.11,5.8
23,27.57,56.3,5.9
33,-16.79,187.98,6.4
49,-9.9,160.44,6.3
33,-9.97,160.59,5.9
33,-9.94,160.48,6.1
33,-9.76,160.69,6.7
33,-9.73,160.17,6
31,-10,160.77,6.4
63,-10.21,160.74,5.8
42,-10.31,160.74,5.8
53,-1.81,120.46,5.9
0,49.86,78.84,5.8
21,-14.02,345.51,5.8
69,-22.91,184.26,6.3
31,22.68,314.89,5.9
109,-7.73,127.77,5.8
44,1.42,126.36,6
120,-56.17,332.3,6.1
33,-53.82,158.84,6.2
37,16.86,122.39,6
48,-33.79,180.42,6
17,-15.29,186.93,6
3,-8.04,155.56,6.3
103,-56.11,332.17,6
45,-10.58,161.35,5.8
53,-17.58,185.61,6.2
62,-6.55,155,5.9
60,-7.89,107.55,5.8
36,46.76,153.63,5.8
54,-11.21,118.43,5.8
33,-11.16,118.41,6.8
39,-10.94,118.4,5.9
33,-10.89,119.17,5.8
33,-11.1,119.09,5.9
51,-10.88,119.26,6
33,-59.54,339.41,6.3
4,-8.1,125.38,6.2
11,17.46,119.8,6
74,-11.04,119.17,5.8
59,-13.74,166.74,6
24,51.31,177.91,5.8
0,50.05,78.93,5.8
4,34.95,23.05,5.8
43,11.8,143.12,5.8
26,-1.92,126.64,5.9
34,-11.29,118.1,5.8
29,-9.99,117.29,5.9
24,-25.87,184.63,6.4
33,-15.78,186.99,5.9
33,-27.93,173.13,6.2
592,-27.96,297.18,6
103,-6.21,146.66,5.9
33,-11.48,118.21,6.3
95,-10.2,161.16,5.9
4,-31.04,292.24,6.4
33,-31.02,292.49,6
0,-21.86,221.06,6
26,-31.37,292.21,5.8
17,-31.44,292.56,5.9
0,49.93,78.89,6
64,-5.01,145.1,5.9
22,3.52,95.91,5.8
21,-31.24,292.1,5.9
42,25.54,143.25,6.3
10,16.54,40.32,5.9
86,-5.13,151.79,6
125,-15.37,288.29,6
19,18.79,121.91,5.8
50,44.56,149.58,6
24,34.8,139.22,6.2
20,-31.25,292,5.8
112,-34.29,289.62,5.8
46,-4.2,123.37,5.8
64,-5.39,151.73,6
81,-26,182.76,6
80,-0.07,124.1,5.8
34,-30.63,182.4,5.8
99,-8.7,124,5.8
60,38.83,142.03,6
537,-4.94,125.25,5.8
517,-4.88,125.35,6.1
49,29.33,130.53,5.9
33,-26.6,245.41,5.8
75,-4.66,153.06,6.1
436,31.93,137.62,5.9
441,31.99,137.61,6.5
278,26.45,140.76,6
47,-22.91,184.7,5.8
60,43.86,148.84,6.3
53,43.99,148.91,5.9
36,44.22,148.87,6.2
45,44.09,148.68,5.8
56,44.27,148.9,5.8
82,44.7,148.17,6.1
48,44.41,149.58,6
48,44.3,149.6,6
28,29.68,292.55,6
62,44.11,148.62,6.4
34,42.84,78.6,6.1
70,-8.62,125.07,5.8
33,-27.97,289.7,5.9
97,-19.63,169.1,5.8
62,-4.94,133.99,6.2
51,10.06,282.11,5.8
2,44.38,149.42,5.8
59,-11.39,116.68,6.6
12,-9.43,148.94,5.9
10,56.52,207.39,5.9
118,5.14,127.44,6
230,36.64,71.26,5.8
37,4.69,124.61,5.8
54,-5.92,103.92,5.9
49,-9.88,160.5,6.1
70,-37.84,176.73,6.3
182,-14.6,167.31,6.5
43,-0.74,127.33,5.8
160,31.07,130.1,6.2
28,51.24,180.75,5.9
30,24.29,142.7,5.8
22,-1.05,146.48,5.9
33,40.4,63.66,5.9
0,49.88,78.81,5.9
48,38.23,142.02,6.7
39,38.38,142.41,5.9
29,8.28,122.43,6.1
41,8.24,122.36,5.9
153,7.85,126.38,6
0,-17.06,187.72,6.5
3,40.78,23.24,6.1
380,48.27,148.66,5.8
37,-5.05,102.38,5.9
0,-5.07,102.33,5.9
25,-15.27,184.55,5.9
27,-18.27,167.99,5.8
0,49.84,78.92,5.8
43,0.55,126.24,5.9
11,52.26,191.16,5.8
305,-14.95,184.19,5.9
45,-4.2,152.84,5.8
34,22.19,121.42,6.4
37,-20.64,172.57,5.8
49,-26.52,289.34,6.3
16,-0.14,131.79,5.9
0,73.31,54.7,5.9
57,-59.8,333.67,5.8
39,-30.62,181.93,6.2
8,-47.53,32.26,5.8
0,49.98,79.02,5.9
37,-7.53,156.5,5.9
116,24.81,121.87,6
215,-13.35,167.13,5.9
44,-30.57,181.94,5.9
0,49.91,78.94,6
48,48.21,154.33,6
34,33.37,57.44,6.4
217,-13.94,167.18,6.1
138,-14.92,167.14,5.8
50,39.4,74.76,5.8
50,33.47,140.95,5.9
0,47.81,48.09,5.8
61,-5.45,152.02,5.8
7,39.34,72.56,5.9
37,37.71,48.95,6
42,-11.21,162.13,5.9
39,-11.14,162.16,6.2
27,47.79,146.54,5.8
63,-10.92,162.16,5.9
0,49.93,78.77,6
23,16.07,263.45,6.3
0,-21.85,221,5.8
85,-10.22,161.48,5.9
118,44.55,146.67,6.3
465,-7.08,117.95,5.8
36,7.33,123.4,6.2
40,0.55,126.06,6
0,47.78,48.14,5.9
7,-8.27,121.38,5.8
47,23.17,122,6.5
10,33.96,59.53,5.9
0,47.87,48.06,6
38,-30.02,182.53,5.9
45,17.53,259.21,5.8
35,-18.52,168.15,5.8
12,54.8,198.71,5.9
54,0.02,126.01,5.8
114,5.23,127.36,6.2
149,6.01,126.01,5.9
135,-15.57,167.57,5.8
48,-13.61,166.66,6.2
42,-16.52,287.4,6.2
46,40.22,143.55,5.9
17,60.73,218.45,6.2
4,1.02,120.4,5.9
3,17.76,258.7,6.3
75,18.02,290.97,6
24,41.95,83.38,5.8
38,3.02,127.01,6.5
4,42.05,19.05,6.1
545,5.66,123.59,5.9
108,-0.05,123.03,5.8
596,-20.82,181.33,5.9
30,9.3,125.57,5.9
77,-21.22,169.72,6.2
123,-6.38,105.93,5.9
256,19,145.42,5.9
51,-22.95,290.91,5.9
598,24.13,142.41,5.8
27,0.66,126.08,6
55,56.65,203.28,6.4
209,-15.44,289.95,5.9
46,52.68,193.03,6
111,36.45,31.72,5.8
54,-24.6,289.82,5.8
40,-8.32,115.92,6
6,-30.73,117.21,5.9
31,8.14,321.88,5.8
109,-56.02,332.02,5.8
87,-6.55,147.28,5.8
15,38.79,26.57,5.9
108,17.04,265.39,6.2
9,49.88,78.92,6.2
190,-5,145.58,6.1
30,-19.86,186.96,5.9
0,7.11,277.69,5.8
62,43.88,146.72,6
51,-32.16,288.6,6
0,50.05,79.06,5.8
74,33.87,131.91,5.8
32,-11.16,107.72,6.3
0,-21.86,221,6
0,49.86,78.94,6.1
204,-22.86,182.53,6.1
56,34.57,140.37,5.8
73,-4.86,153.5,5.8
566,41.85,130.87,5.8
0,49.93,78.98,6.1
231,36.48,70.15,5.9
43,8.95,276.51,6.1
13,10.72,318.32,6
43,19.05,122.12,6
56,53.97,194.78,5.8
33,-1.71,136.05,6.2
28,-1.18,136.49,5.8
28,53.64,169.74,5.8
50,3.48,128.06,5.9
6,42.8,13.04,5.8
38,52.23,174,5.8
3,-60.57,309.65,5.8
46,45.09,76.96,5.8
54,-19.09,168.71,5.8
35,-2.84,119.57,5.9
10,1.16,94.2,6.2
69,-7.17,106.1,5.8
33,-46.54,165.91,6
601,18.49,145.39,6.1
24,-1.18,136.59,5.9
60,51.82,177.12,6
0,73.34,54.73,5.8
37,-8.4,115.83,5.9
26,0.66,126,6.2
17,-10.68,161.35,6.1
33,-10.58,161.75,5.8
0,47.79,48.11,5.8
0,49.96,79.07,6
25,-1.2,136.61,5.8
71,-13.4,166.7,6
94,-7.76,108.18,6.1
92,17.89,291.39,5.9
24,-9.5,159.26,6
62,-13.32,166.69,6.1
50,-4.43,102,6
32,-23.61,185.15,6.4
3,34.03,59.81,6
36,-16.73,179.99,6.1
19,-1.94,134.17,6.1
115,5.89,125.33,6.2
120,-31.34,181.28,5.8
105,4.81,283.8,6.3
1,-18.93,183.48,5.8
9,34.08,59.8,6.2
0,49.88,78.84,6
0,34.14,59.92,5.9
126,28.95,140.94,6.2
28,1.62,280.66,6.2
30,-3.41,102.58,5.8
0,49.92,78.8,6.2
56,3.56,126.86,5.8
33,-4.69,254.26,5.9
64,1,126.02,5.8
0,38.75,332.25,6
72,6,126.13,6
42,51.31,181.5,5.8
36,-17.62,188.84,5.9
45,-7.89,156.24,5.8
0,-54.21,158.78,6
62,-4.7,153.17,5.8
74,36.47,76.86,6
54,44.51,149.55,5.8
54,-10.68,161.66,5.9
49,43.47,146.59,6.3
35,43.14,146.88,5.9
2,43.22,146.9,5.9
52,-6.02,150.12,5.9
55,-6.04,150.01,5.8
112,6.33,126.9,6
36,-22.67,171.42,5.9
25,52.94,192.3,6.1
33,52.78,192.2,6
0,23.86,314.43,5.8
494,-4.63,154.89,5.8
46,16.09,121.94,5.9
66,9,126.27,5.8
102,-23.53,182.73,6.6
33,-10.87,164.22,6
75,-8.05,108.79,5.8
38,51.21,173.62,5.8
57,34.5,140.42,5.9
38,-14.52,167.93,5.9
62,-6.03,154.56,6.1
70,-5.96,154.43,5.8
0,37.59,241.2,6.1
73,-19.42,290.67,6
55,-18.61,185.3,6
168,-7.37,128.58,5.9
56,-5.19,152.19,5.9
37,-15.25,186.47,5.8
29,9.5,126.6,5.8
16,-30.18,182.09,6.1
0,-58.07,349.32,5.8
59,-5.24,151.71,6.1
19,34.81,139.29,5.8
185,6.63,125.77,5.9
29,-12.49,166.37,5.9
48,39.29,22.91,5.8
55,-29.32,182.76,5.9
88,-4.45,143.53,6.3
97,-29,290.31,6
0,-21.86,221,5.8
588,-17.89,181.4,6
76,-12.3,166.5,5.9
131,-20.3,169.61,6.1
53,-13.09,166.34,5.9
23,29.63,81.09,6.1
9,15.93,271.48,5.9
39,-15.22,186.48,6
0,49.94,78.86,6.2
69,35.53,140.15,5.9
52,-3.25,142.33,5.8
128,-15.09,167.31,5.8
64,-6.3,154.81,5.9
44,-5.34,103.12,5.8
0,36.16,1.4,6.3
3,36.25,1.61,6
0,49.94,79.1,5.9
117,-6.11,145.54,5.8
74,-6.22,154.85,5.8
46,-21.95,170.09,5.8
65,18.22,261.8,6.3
32,-22.3,170.39,5.9
60,11.78,125.5,6.1
37,-22.25,169.55,5.8
5,41.15,235.7,5.9
0,-51.49,28.98,6.1
33,19.57,290.42,5.9
1,27.4,88.8,6
0,40.86,15.33,6
221,-19.44,184.17,6
77,-21.35,291.9,5.9
0,49.87,78.97,5.9
30,-17.59,187.69,6
84,-21.4,169.87,6
0,49.44,230.43,6
31,-21.25,185.59,5.8
82,30.63,140.85,6.1
33,-16.29,178.2,5.9
0,50.01,79.03,5.9
45,45.98,151.47,6.2
229,29.28,128.1,6.1
27,-61.11,304.46,5.9
38,38.61,142.91,5.9
49,38.71,142.75,6.1
24,-4.56,139.28,6
35,38.28,142.71,6
110,42.48,142.15,6.4
30,38.18,142.87,5.8
10,-29.68,60.83,6
22,51.82,176.15,6.3
6,53.02,162.41,5.9
23,44.61,149.38,5.9
41,-22.11,174.76,5.9
79,-6.04,148.77,5.8
18,38.23,22.97,6.1
59,-13.77,166.5,5.8
32,38.24,23.26,5.8
33,3.93,274.12,5.9
53,18.82,256.05,5.9
228,-5.43,146.76,5.9
109,-19.52,290.99,5.9
45,3.43,128.01,6.1
544,-27.28,296.73,5.8
22,45.59,152.24,5.9
0,14.23,119.13,5.9
28,37.28,142.28,5.8
0,49.87,78.9,6
45,-13.4,166.44,6.1
522,-23.7,179.99,6
49,43.23,149.94,6.1
217,36.41,71.15,5.9
36,-1.96,279.01,5.8
223,42.65,139.2,5.9
75,-5.14,154.74,5.9
140,5.82,126.98,5.9
0,-48.55,164.7,5.9
139,-14.75,167.28,5.8
81,-5.68,151.47,6
0,-49.13,164.63,5.8
10,-36,342.92,6
54,44.66,148.92,5.8
316,16.57,145.48,5.8
31,29.89,57.72,6
114,-22.29,171.65,6.3
140,-15.44,167.48,5.8
11,29.99,57.77,5.9
41,-21.61,169.66,5.8
76,-5.18,151.75,5.8
67,-2.76,139.18,5.8
102,-22.09,170.9,6
3,48.71,157.37,6
33,-22.89,184.18,5.9
74,-5.32,151.52,5.8
20,-15.08,186.88,6.5
21,43.53,147.04,6.6
37,-21.5,169.61,6
18,30.66,141.78,5.9
30,35.68,73.6,6.1
0,49.89,78.98,6.1
10,24.84,313.71,5.8
172,18.34,291.14,5.9
101,-6.39,130.72,5.8
45,-22.22,170.48,5.9
23,-30.18,182.04,5.9
274,-29.41,180.97,6.1
10,-4.76,247.99,5.9
0,73.32,54.55,6
12,-33.82,180.56,5.8
15,50.72,160.4,5.9
18,-4.52,146.2,6
38,-9.42,159.34,5.8
606,-20.7,181.35,5.9
62,-6.43,154.88,5.9
31,-11.4,66.3,5.9
62,-9.98,162.06,5.9
53,40.3,142.33,6.1
18,-33.15,286.9,6.2
189,-7.11,129.06,6
0,49.88,78.89,6.1
28,18.18,257.99,6.3
10,-31.38,249.21,5.9
10,43.56,232.3,6
21,-20.01,185.77,6.3
15,-3.52,143.86,6
57,-32.17,288.57,6.2
7,-2.3,22.83,5.8
39,18.75,120.86,6.2
38,42.98,146.2,5.9
594,-20.81,181.13,5.8
43,-37.23,179.81,5.9
35,-6.14,152.03,5.9
10,23.96,125.92,6.1
64,-6.39,154.92,5.9
90,-56.4,333.46,5.8
10,39.22,25.25,6
20,-30.01,182.37,5.9
8,-30.03,182.27,6.1
0,49.9,78.86,6.2
0,-2.11,139.79,5.8
30,26.84,142.74,6.4
607,18,145.67,6.1
192,-23.1,182.73,5.8
177,-12.11,166.67,5.8
36,-3.41,177.55,5.8
10,46.99,293.35,5.8
38,13.85,124.32,6.1
36,14.01,124.37,5.9
10,13.15,272.44,5.9
23,-9.53,152.21,6
21,-9.55,152.21,5.8
10,39.96,24.39,5.8
25,31.68,82.28,6
62,53.26,194.35,6
65,16.73,298.56,5.9
200,-22.69,293.38,5.8
34,-10.89,166.01,5.9
46,33.67,141.17,6.1
117,22.33,143.59,6
12,-25.19,184.45,5.9
105,-56.05,332.63,6.2
33,-9.52,118.35,6
27,42.23,142.46,6.3
196,-18.54,184.88,5.8
10,-52.89,313.02,5.8
36,-31.55,181.4,6
85,-12.74,283.96,6
55,-6.41,147.65,5.9
199,0.09,123.31,5.9
86,-15.86,187.03,5.9
43,19.89,120.54,6.2
42,-28.21,245.94,5.9
9,19.9,120.49,5.8
0,49.87,78.92,6.1
101,-0.61,123.28,5.9
10,-60.75,339.05,6
26,-20.24,168.2,5.8
15,-3.36,177.4,5.8
40,48.82,154.93,5.9
46,55.07,165.4,5.8
22,7.79,135.76,5.9
47,38.76,142.22,5.8
44,-41.41,285.03,5.9
33,-18.11,187.49,6.3
56,51.57,182.63,5.8
19,16.51,261.75,5.8
20,16.58,261.66,6
80,-5.66,150.99,5.8
125,-17.61,185.55,6.3
59,-4.7,103.04,5.9
83,13.29,270.61,6
449,-7.33,126.08,6.3
10,-55.42,160.23,5.9
45,44.56,151.03,6.4
51,51.39,180.06,6.3
0,49.97,78.86,6.1
554,27.9,137.04,6.2
10,-51.15,160.64,6.2
37,36.36,141.63,6.2
18,51.76,176.08,6.1
43,13.81,146.36,5.8
28,-12.59,166.11,5.9
55,-11.16,115.42,6.1
58,-4.34,153.12,5.8
106,-5.05,143.96,5.9
1,33.71,22.94,6.1
10,6.75,277.28,6.1
43,36.4,141.44,5.8
52,-2.71,280.12,5.9
42,43.85,148.32,5.9
42,-15.36,186.91,5.8
45,-25.55,183.76,5.9
179,29.4,140.43,6.4
153,-14.53,289.2,5.9
543,-23.45,180.13,5.9
42,-24.39,183.35,6
40,-15.61,168.01,5.8
511,-7.17,125.81,6.1
96,-6.61,101.7,6.1
190,-1.73,283.27,5.9
14,-10.61,285.31,6.3
34,-3.72,140,5.8
0,49.89,78.86,6.1
103,-9.87,161.18,5.8
38,-9.28,158.21,5.8
18,14.67,44.23,5.8
35,36.13,68.98,6.1
88,24.56,122.53,5.9
40,-24.15,184.03,5.9
49,-57.44,334.23,5.8
20,33.9,139.45,5.8
13,19.93,121.34,6
55,-15.43,186.7,6
228,-5.45,147.05,5.8
14,38.07,20.25,6.2
55,-57.98,335.65,5.8
50,16.14,264.75,6.3
81,12.91,93.59,6.1
208,-30.44,180.7,6
40,-29.69,182.27,6
41,10.54,140.96,5.9
46,55.03,200.81,5.9
37,54.99,200.76,6
569,8.73,124.03,5.8
68,5.6,126.3,6
103,-18.65,290.62,6
48,49.23,155.56,5.9
26,44.06,148.09,5.8
29,-3.49,177.64,5.8
21,43.76,147.45,6.1
72,-6.99,147.39,5.9
25,-4.05,127.9,5.8
26,-4.07,127.9,5.9
94,-4.89,153.57,6.5
74,-4.67,153.25,5.8
83,-21.59,184.68,6.2
36,-6.48,154.64,5.8
44,8.8,276.89,6.3
82,5.71,94.72,6.5
52,52.92,159.81,5.9
51,49.41,155.58,6.1
137,-15.04,167.28,6
32,11.4,57.52,5.8
38,10.43,297.29,5.9
102,-4.84,281.91,6.4
64,-6.52,154.94,5.9
56,53.38,160.3,5.8
11,-10.19,110.84,5.8
45,27.78,62.07,6.4
32,14.92,99.05,5.8
33,-24.01,184.1,5.8
9,41.5,143.84,6.4
24,46.41,153.39,6
7,36.24,239.73,6.1
25,-33.89,179.52,5.8
116,-5.39,150.94,6
33,47.41,152.26,6.1
0,-21.85,221.06,5.9
16,40.48,139.09,6.6
35,40.83,139.33,5.8
135,-16.96,185.39,6.1
600,-9.52,288.78,5.8
22,40.25,139.01,6.3
31,40.22,139.04,6.2
46,51.42,185.89,6.1
0,49.91,78.97,6.1
125,1.55,127.32,5.8
6,41.35,139.1,6.5
43,24.13,122.39,5.8
159,29.74,129.38,5.8
18,21.77,103.31,6
48,24.17,122.39,6
14,60.22,218.73,5.9
222,20.19,122.41,6
38,-22.59,171.02,6
10,-7.41,27.88,5.8
10,-60.91,306.9,5.8
37,61.04,212.63,6.2
46,5.54,126.47,5.8
9,36.21,239.64,6
190,53.91,158.36,6.1
10,-20.13,233.06,5.8
175,20.45,122.14,6
2,40.14,24.75,6
43,35.48,139.05,5.8
108,1.8,127.28,5.8
64,-8.69,111.17,5.9
94,55.79,161.33,6.4
26,18.23,120.8,6.1
0,73.38,54.87,5.9
56,3.73,126.64,5.8
128,33.51,131.51,6.2
20,-16.68,187.95,5.9
73,-17.44,290.04,5.9
43,60.97,212.53,6.2
205,36.52,71.1,5.9
167,18.12,145.83,5.9
515,-23.98,180.2,6
16,-16.64,182.62,6
44,24.08,122.16,6
35,24.02,122.26,5.8
10,-3.61,151.2,5.8
0,73.35,54.38,5.8
12,33.95,139.51,5.8
5,-26.55,289.38,6.3
0,49.91,78.83,6
13,-26.16,289.41,5.8
7,-8.12,156.35,6
8,1.09,121,5.8
55,-23.74,289.77,5.8
30,-20.57,186.16,5.9
10,37.59,342.59,5.9
24,-60.75,334.4,6.4
33,-60.46,335.09,6.2
44,-60.69,334.59,6.1
7,1.16,120.89,5.8
0,49.89,78.9,6.1
10,44.1,246.19,6.1
16,40.35,42.18,6
57,-9.1,119.09,6
89,-4,280.6,5.8
4,19.5,204.56,6.3
5,43.75,148.35,5.8
34,-7.49,130.59,5.9
39,0.48,280.21,6.2
183,-7.47,128.2,6.2
19,-40.45,155.57,5.8
52,41.8,142.77,5.8
10,-6.85,72.04,6.5
33,-6.61,71.41,5.8
68,14.07,268.05,5.8
18,-15.37,186.97,6
34,-6.5,71.4,6.1
44,3.74,148.97,5.8
33,8.14,137.21,6.1
158,-7.63,127.34,5.9
103,-33.09,289.85,5.9
63,-3.21,145.43,5.9
10,-2.38,145.06,5.8
592,-28.14,296.85,6.2
599,-27.97,297.1,5.9
42,-5.51,151.91,5.9
11,11.85,346.49,6.3
209,36.42,70.75,6.2
386,33.62,136.8,6.4
0,45.4,151.31,6
43,-2.83,118.76,6
112,-3.88,281.53,5.8
48,36.47,141.24,5.9
26,-3.92,278.59,5.9
326,-23.68,181.7,5.8
38,29.28,130.44,5.8
164,36.48,71.05,5.8
568,49.05,146.63,5.8
45,34.57,70.47,5.9
4,-9.96,160.5,6.5
192,36.47,70.86,5.8
164,-6.6,130.15,5.9
0,49.86,78.81,5.9
88,-17.32,289.47,5.8
656,8.17,123.77,6.4
454,29.35,138.92,6.1
89,-38.27,177.22,5.8
15,40.35,63.36,6.4
41,49.16,155.31,5.9
0,49.87,78.97,5.9
15,17.38,300.37,5.8
185,-18.95,168.89,5.8
33,-21.05,168.71,6
135,-15.88,185.65,5.9
578,50.06,148.77,5.9
399,47.44,146.73,5.9
398,30.89,138.48,6.1
0,49.91,78.91,6
21,-6.79,71.48,5.8
10,-51.88,161.08,5.8
0,49.92,79.03,6.1
19,-10.83,164.23,5.8
171,-4.86,151.55,6.1
50,-30.68,288.8,6.2
267,-15.83,185.2,6
95,-15.66,287.55,5.8
25,35.31,23.29,5.8
10,-58.47,344.03,6
20,18.02,290.7,5.9
46,16.82,261.54,5.8
53,-6.1,154.44,5.9
537,-5.76,111.29,5.8
0,49.85,78.92,6.2
93,-56.44,332.57,5.9
41,28.11,129.52,6
58,-6.55,154.98,5.9
26,1.35,126.4,5.8
0,50.33,183.14,5.8
260,-0.07,122.52,6.1
45,32.39,131.96,6.2
49,27.47,128.58,5.9
27,-33.28,180.72,6
15,-17.9,172.12,6.1
5,40.39,233.2,6
18,35.78,137.49,6
20,34.01,141.64,6.5
41,16.8,147.17,5.8
10,34.02,141.66,5.8
107,13.84,145.38,5.8
21,-25.88,184.1,6.3
10,-31.6,249.15,5.8
26,15.05,265.72,6
80,-15.75,186.35,6.5
180,-24.05,293.16,5.9
0,73.37,54.84,5.8
58,1.65,126.32,5.8
7,39.16,71.35,5.9
0,49.92,78.83,6.2
162,5.76,125.61,6
177,-17.15,185.93,6
10,8.16,321.23,6.3
0,55.18,163.57,5.8
10,-18.85,67.33,6.1
119,-22,170.91,6.3
42,0.22,98.05,6.2
422,-18.7,181.96,6
218,5.13,125.17,6.4
10,-30.9,346.47,5.8
647,-17.74,181.95,5.8
33,-7.97,102.27,5.8
25,-14.32,171.29,5.9
114,-8.16,283.88,5.9
0,49.95,79.03,5.9
10,20.33,244.21,6
36,44.15,148.2,6.3
10,-1.39,344.98,5.8
0,49.88,78.82,6.1
0,49.83,78.71,6
0,56.19,163.31,6.2
12,-36.67,177.64,6
25,10.21,279.97,6
179,0.2,123.63,5.9
47,24.11,122.48,5.8
27,-3.66,141.74,5.8
3,-0.95,128.47,5.9
2,-7.49,130.18,5.8
41,-33.07,291.42,5.8
123,32.55,131.19,5.8
10,-46.01,165.16,5.8
61,-17.54,185.56,5.8
37,-20.54,186,5.8
0,49.87,78.84,5.9
113,-10.25,161.11,6
56,27.49,128.48,5.8
44,-33.14,288.16,5.9
33,-32.95,288.4,5.8
33,-33.24,288.22,5.8
77,-33.76,288.81,5.8
36,55.2,161.95,5.8
12,66.22,210.02,5.8
10,43.5,232.38,5.9
20,16.98,297.54,6.1
40,-32.68,288.37,5.8
14,7.76,123.52,6
40,-33.15,288.31,5.8
45,-6.61,105.4,5.9
48,-34.14,287.9,5.8
138,44.38,146.71,5.8
165,40.32,140.38,6
46,-32.64,288.33,5.8
475,28.27,139.55,5.8
14,-4.1,136.28,5.8
61,-34,288.55,6.2
97,-35.63,179.01,5.8
88,-9.19,114.26,6
36,1.65,126.5,6.4
75,-5.16,130.45,5.8
181,15.32,120.63,6.3
0,49.88,78.96,5.9
10,-39.71,284.3,6
613,-9.21,288.78,5.9
0,-37.62,179.46,5.8
27,-5.59,151.07,6.1
30,-29.04,77.78,5.9
54,53.57,160.53,6
49,54.04,160.93,5.9
33,-15.3,186.53,6.1
110,4.92,127.53,6
10,0.97,331.56,6.1
0,49.85,78.87,6.1
17,30.29,132.72,5.8
0,49.84,78.69,6
46,-4.44,152.81,6.4
28,-17.23,167.83,5.9
45,-29.7,182.22,5.8
0,49.92,78.8,6
17,-6.24,148.74,5.8
33,-60.3,333,5.8
102,36.21,70.9,6.5
107,36.19,70.81,6
34,7.46,123.47,5.8
22,16.93,120.19,5.8
24,11.15,140.23,5.8
29,54.15,168.69,5.9
52,37.77,141.77,6
45,-9.16,281.12,6.1
7,39.49,75.27,6.2
629,-21,181.01,6.1
30,-15.35,186.46,5.8
27,39.36,75.44,5.8
63,17.98,262.84,6
29,18.54,257.68,6.4
42,17.81,258.31,6.2
16,-34.61,181.43,6.4
33,-9.81,159.85,6.2
11,-22.08,185.4,5.8
10,62.22,235.73,6.4
104,-6.76,107.04,6
30,54.73,200.35,6.1
103,-21.55,183.61,6.1
10,40.32,69.82,5.8
25,37.65,136.9,5.8
254,46.29,146.27,5.8
14,-11.12,125.15,5.9
107,-31.37,291.39,5.8
595,-7.08,124.28,5.8
13,36.74,54.81,6
20,-9.57,150.97,6.1
0,53.21,193.08,5.8
49,-35.21,180.68,6.2
17,7.73,137.02,5.8
52,27.94,140.61,5.8
10,-1.83,134.84,5.9
0,-21.86,221.08,5.9
33,-14.03,166.22,6
43,-13.98,166.19,6.2
441,26.96,140.48,5.8
25,3.69,126.65,5.8
31,11.71,274.14,5.8
44,-14.06,166.23,6.1
52,-13.98,166.51,6.2
51,-30.67,181.97,5.9
6,62.19,235.73,6.2
10,-35.1,54.26,6
25,-5.75,104.18,5.9
116,-5.53,150.69,5.8
33,-5.61,131.43,5.8
144,-21.37,170.31,6
13,51.54,186.89,5.8
97,-10.16,161.01,5.9
527,27.87,139.51,5.8
51,36.43,140.98,6
41,24.02,122.23,5.8
